id,timestamp,gender,star_sign,phone_os,height,weight,sleepiness,iq,fb_friends,yt,self_intro
1,4/7/2017 13:47,2,處女座,Apple,154,43,2,180,583,0,Beautiful
2,4/7/2017 13:48,2,處女座,Apple,156,47,2,130,400,3.5,Enjoying being who I'm notsss
3,4/7/2017 13:49,1,射手座,Android,170,61,3,90,540,5,Practice Makes perfect
4,4/7/2017 13:49,1,射手座,Apple,170,62,4,100,173,5,Straightforward
5,4/7/2017 13:54,2,射手座,Android,158,67,3,128,320,1.2,Humorous
6,4/7/2017 13:55,2,摩羯座,Android,158,50,3,100,903,2,I am cute
7,4/7/2017 13:56,1,天秤座,Android,165,50,4,115,209,9.59,Homo sapiens
8,4/7/2017 13:56,2,雙子座,Android,170,57,4,100,1200,,Um..Haha
9,4/7/2017 13:57,2,射手座,Android,168,52,2,100,580,5.34,I am quite.
10,4/7/2017 14:00,2,牡羊座,Apple,165,55,5,130,542,2,Beautiful
11,4/7/2017 14:01,2,天秤座,Android,164,52,3,180,300,1,Beautiful and smart
12,4/7/2017 14:03,2,處女座,Android,168,55,2,180,300,0.87,Beautiful and smart
13,4/7/2017 14:25,2,雙魚座,Apple,163,60,3,200,160,64,Brilliant
14,4/7/2017 14:28,1,水瓶座,Android,168,53,4,100,300,2.5,Work hard play hard
15,4/7/2017 14:28,2,雙子座,Apple,163,52,5,98,1200,2,Q
16,4/7/2017 13:47,2,處女座,Apple,154,43,2,180,583,0,Beautiful
17,4/7/2017 13:48,2,處女座,Apple,156,47,2,130,400,3.5,Enjoying being who I'm not
18,4/7/2017 13:49,1,射手座,Android,170,61,3,90,540,5,Practice Makes perfect
19,4/7/2017 13:49,1,射手座,Apple,170,62,4,100,173,5,Straightforward
20,4/7/2017 13:54,2,射手座,Android,158,67,3,128,320,1.2,Humorous
21,4/7/2017 13:55,2,摩羯座,Android,158,50,3,,903,2,I am cute
22,4/7/2017 13:56,1,天秤座,Android,165,50,4,115,209,9.59,Homo sapiens
23,4/7/2017 13:56,2,雙子座,Android,170,57,4,100,1200,,Um..Haha
24,4/7/2017 13:57,2,射手座,Android,168,52,2,,580,5.34,I am quite.
25,4/7/2017 14:00,2,牡羊座,Apple,165,55,5,130,542,2,Beautiful
26,4/7/2017 14:01,2,天秤座,Android,164,52,3,180,300,1,Beautiful and smart
27,4/7/2017 14:03,2,處女座,Android,168,55,2,180,300,0.87,Beautiful and smart
28,4/7/2017 14:25,2,雙魚座,Apple,163,60,3,200,160,64,Brilliant
29,4/7/2017 14:28,1,水瓶座,Android,168,53,4,100,300,2.5,Work hard play hard
30,4/7/2017 14:28,2,雙子座,Apple,163,52,5,98,1200,2,Q
31,3/11/2017 10:31,1,金牛座,Android,175,75,5,50,200,1,I am so handsome
32,3/11/2017 10:32,1,射手座,Android,169,75,1,90,0,41,I just wanna run.
33,3/11/2017 10:32,1,射手座,Android,169,75,1,90,0,41,I just wanna run.
34,3/11/2017 10:36,1,摩羯座,Android,180,60,3,120,404,0.37,Surprising
35,3/11/2017 10:37,1,摩羯座,Apple,170,55,1,199,611,0,Very lazy
36,3/11/2017 10:42,1,摩羯座,Apple,162,43,5,180,6666,87,handsome
37,3/11/2017 10:43,1,摩羯座,Apple,100,180,5,100,50,10,Fake
38,3/11/2017 10:43,1,金牛座,Android,175,75,5,87,9487,87,I am fine thank u
39,3/11/2017 10:43,2,水瓶座,Apple,163,48,2,87,250,4,tired
40,3/11/2017 10:43,2,水瓶座,Apple,163,48,2,87,250,4,tired
41,3/11/2017 10:43,1,水瓶座,Android,165,47,2,105,800,3,Be happy
42,3/11/2017 10:43,1,摩羯座,Android,169,73,5,105,67,1.7,Lazy
43,3/11/2017 10:44,1,巨蟹座,Apple,175,80,4,120,500,0.187,Hi
44,3/11/2017 10:44,1,處女座,Apple,175,50,5,100,469,10,I am fakes' fans
45,3/11/2017 10:44,1,雙子座,Apple,173,74,1,180,600,5,Hi
46,3/11/2017 10:44,1,天秤座,Android,167,48,4,51,638,1,Go big or go home
47,3/11/2017 10:45,1,牡羊座,Apple,172,60,2,150,500,20,Cool
48,3/11/2017 10:45,1,雙魚座,Android,172,80,3,120,50,0,interesting
49,3/11/2017 10:45,1,天秤座,Android,172,58,4,200,200,200,Boring
50,3/11/2017 10:45,1,雙魚座,Apple,170,70,1,180,1700,13.1,Karma
51,3/11/2017 10:45,1,水瓶座,Android,174,65,2,87,399,3.7,handsome
52,3/11/2017 10:45,1,巨蟹座,Android,172,62,5,99,300,0.1,Good
53,3/11/2017 10:45,1,金牛座,Apple,163,65,2,100,323,2,i‘m lazy.
54,3/11/2017 10:46,2,摩羯座,Android,166,55,5,180,594,16.29,Good at listen to other
55,3/11/2017 10:46,1,雙子座,Android,170,80,3,50,0,2.37,crazy
56,3/11/2017 10:46,1,獅子座,Apple,177,55,3,140,814,50,Shy and preserved
57,3/11/2017 10:47,1,摩羯座,Apple,175,60,4,87,333,9.8,不要
58,3/11/2017 10:47,1,天蠍座,Android,180,65,2,111,456,11.45,I am kind
59,3/11/2017 10:49,2,雙子座,Android,160,64,3,95,287,0.2,A girl.
60,3/11/2017 10:51,1,摩羯座,Android,168,57,4,100,223,0.082,despair
61,2/12/2017 13:35,1,雙魚座,Apple,125,125,3,87,0,0,Ah
62,2/12/2017 13:35,1,處女座,Android,185,200,3,87,78,3000,I have a pen
63,2/12/2017 13:35,1,天蠍座,Android,167,60,5,120,100,1,Good
64,2/12/2017 13:35,2,牡羊座,Android,179,70,3,88,120,0.3,Show me the money!
65,2/12/2017 13:35,1,雙魚座,Apple,171,85,4,120,300,2,handsome
66,2/12/2017 13:35,1,雙魚座,Android,183,80,3,180,1000,20,smart and handson
67,2/12/2017 13:36,1,天秤座,Apple,172,73,1,200,100,50,lol
68,2/12/2017 13:36,2,處女座,Apple,162,45,3,150,800,4,Fintech
69,2/12/2017 13:36,1,天秤座,Android,178,67,3,125,600,0.5,Happy
70,2/12/2017 13:36,1,獅子座,Android,180,83,3,110,50,1,try everything
71,2/12/2017 13:36,1,射手座,Android,175,70,4,111,1,20,"Luke, I am Your Father"
72,2/12/2017 13:36,2,雙魚座,Apple,155,53,5,100,300,1,BlingBling
73,2/12/2017 13:36,1,獅子座,Android,180,75,2,150,500,5,I'm boring man.
74,2/12/2017 13:36,1,處女座,Apple,170,65,4,87,200,10,prefect
75,2/12/2017 13:36,1,摩羯座,Apple,164,71,1,95,150,20,I love fishing.
76,2/12/2017 13:37,1,處女座,Apple,170,60,4,120,650,5,nice.
77,2/12/2017 13:37,2,射手座,Apple,160,50,5,88,536,10,Marginalized
78,2/12/2017 13:37,2,天秤座,Apple,156,48,2,180,100,2,Open mind
79,2/12/2017 13:37,1,獅子座,Android,170,74,3,99,99,10,busy
80,2/12/2017 13:37,1,金牛座,Apple,168,73,2,180,150,8,Young
81,2/12/2017 13:37,1,雙子座,Apple,172,75,3,111,20,1,I am a happy man.
82,2/12/2017 13:37,1,天秤座,Android,170,70,4,188,500,1000,Simple
83,2/12/2017 13:37,1,雙魚座,Apple,173,70,5,100,200,0,IMMGT
84,2/12/2017 13:37,1,牡羊座,Apple,175,82,2,90,300,0.2,I'm so cute
85,2/12/2017 13:37,1,處女座,Apple,173,63,4,160,430,6,Humorous person
86,2/12/2017 13:37,1,處女座,Apple,173,63,4,160,430,6,Humorous person
87,2/12/2017 13:37,1,天秤座,Apple,182,75,1,120,20,0,hello world
88,2/12/2017 13:38,2,天秤座,Android,160,50,2,100,50,3,I am a nervous person.
89,2/12/2017 13:38,2,巨蟹座,Android,160,45,3,145,138,4,Old
90,2/12/2017 13:39,2,雙子座,Android,161,80,2,110,150,3,Happy
91,2/12/2017 13:39,1,巨蟹座,Apple,169,65,4,87,987,887,I am 87
92,20/12/2017 10:02:55,1,金牛座,Apple,184,68,4,187,8787,87.87,Fuck you
93,20/12/2017 10:03:06,2,雙魚座,Apple,165,47,3,110,899,2,I am a good people
94,20/12/2017 10:03:11,1,牡羊座,Android,162,50,2,140,1234,0.5,帥
95,20/12/2017 10:03:15,1,處女座,Apple,176,74,5,200,1300000000,2,Cool dude
96,20/12/2017 10:03:24,2,巨蟹座,Android,155,50,4,180,300,0,Human.
97,20/12/2017 10:03:27,1,處女座,Android,123,123,3,123,123,123,一句話
98,20/12/2017 10:03:32,1,水瓶座,Android,178,68,5,120,1100,0.1,Gentle
99,20/12/2017 10:03:40,1,雙魚座,Apple,176,64,4,100,120,5,I am otaku
100,20/12/2017 10:03:48,1,處女座,Apple,178,55,4,50,0,100,Dank
101,20/12/2017 10:04:04,1,牡羊座,Android,169.87,55.87,1,133,222,1.00E+09,viewer
102,20/12/2017 10:04:06,1,射手座,Android,170,65,2,124,150,1,Brilliant 
103,20/12/2017 10:04:15,1,天秤座,Apple,174,83,3,148,1915,20.7,Incredible
104,20/12/2017 10:04:18,1,巨蟹座,Android,172,68,3,140,530,0.2,GGININDER
105,20/12/2017 10:04:21,1,射手座,Apple,172,66,3,187,888,32,Family 
106,20/12/2017 10:04:21,2,巨蟹座,Apple,158,60,2,135,600,1,Brilliant
107,20/12/2017 10:04:27,1,雙魚座,Apple,168,50,5,130,400,200,A man likes to dream.
108,20/12/2017 10:04:29,1,摩羯座,Apple,176,63,2,100,800,1,Cool
109,20/12/2017 10:04:31,1,處女座,Apple,178,87,4,180,512,0.87,"I'm a super cool rapper, yo."
110,20/12/2017 10:04:42,1,雙子座,Android,166,55,4,110,866,2,special
111,20/12/2017 10:04:44,1,雙魚座,Apple,176,58,4,88,400,0.01,Work hard
112,20/12/2017 10:04:51,1,牡羊座,Android,173,69,4,120,280,2,I am geek.
113,20/12/2017 10:04:53,1,獅子座,Apple,168,70,4,120,400,0.3,Show me what you got?
114,20/12/2017 10:04:56,1,水瓶座,Android,175,61,3,87,1031,2,Amazing
115,20/12/2017 10:05:09,1,獅子座,Apple,165,62,3,87,300,0.87,Nihilisim
116,20/12/2017 10:05:09,1,獅子座,Apple,165,62,3,87,300,0.87,Nihilisim
117,20/12/2017 10:05:32,1,天秤座,Android,176,60,3,100,500,0,Very handsome.
118,20/12/2017 10:05:33,2,射手座,Apple,168,42,4,120,800,4.1,Never say never
119,20/12/2017 10:05:39,1,水瓶座,Android,170,49,1,122,1029,9,?
120,20/12/2017 10:05:58,1,雙子座,Android,172,58,3,88,600,0.2,Curious
121,20/12/2017 10:06:17,1,獅子座,Apple,182,68,5,145,500,20,I am intelligent.
122,20/12/2017 10:06:19,1,天秤座,Android,176,72,5,120,250,0.5,I'm so handsome.
123,20/12/2017 10:06:49,2,天秤座,Android,155,47,3,124,280,0.5,Kind
124,20/12/2017 10:07:14,1,處女座,Android,174,86,5,100,5,0.1,You don't have a beauty without a beat.
125,20/12/2017 10:08:47,1,雙子座,Android,160,55,1,100,20,2,Clever but no perseverance.
126,20/12/2017 10:09:45,1,巨蟹座,Apple,165,68,4,120,250,1.1,Intelligent 
127,20/12/2017 10:16:24,1,牡羊座,Apple,175,7,5,100,1000,0.06,I’m handsome
128,20/12/2017 10:26:25,1,雙魚座,Android,175,62,4,110,262,0.12,Patient and careful
129,20/12/2017 10:30:48,1,天秤座,Android,178,61,2,87,200,3.5,Hellow world
130,20/12/2017 10:31:17,2,金牛座,Android,152.7,40,4,100,877,0.65,Trying to live a better life!
131,20/12/2017 10:34:30,1,天秤座,Apple,174,72,4,150,600,2,"Stay hungry, stay foolish"
132,20/12/2017 10:36:00,1,水瓶座,Android,1.00E+09,2.00E+09,1,122,3.00E+09,4.00E+09,.
133,20/12/2017 10:38:41,1,天秤座,Apple,183.9,59,3,180,3,333,Six six six 
134,20/12/2017 10:38:45,1,雙魚座,Apple,1.00E+111,1.00E+111,1,122,1.00E+255,9e9999999999,.
135,21/12/2017 10:09:53,1,巨蟹座,Apple,190,99,1,50,2,5000,God Damon looser
136,21/12/2017 10:10:11,1,獅子座,Apple,165,80,2,130,400,0.5,123
137,21/12/2017 10:10:31,1,雙魚座,Android,172,66,5,180,100,5,smart
138,21/12/2017 10:10:39,1,摩羯座,Apple,172,71,3,100,80,3,Hello World
139,21/12/2017 10:10:48,1,雙魚座,Apple,181,70,5,200,100,50,I don’t know
140,21/12/2017 10:10:50,1,雙魚座,Android,173,60,5,130,300,1,Hungry
141,21/12/2017 10:10:54,1,天秤座,Apple,171,73,2,180,400,2,Handsome
142,21/12/2017 10:10:56,1,天蠍座,Android,167,63,5,145,1737,1,Excellent
143,21/12/2017 10:11:13,2,雙子座,Apple,155,48,3,133,1100,5,Hello world
144,21/12/2017 10:11:13,1,天秤座,Apple,173,73,3,50,5,0.5,Oh
145,21/12/2017 10:11:14,2,處女座,Apple,160,55,5,146,500,8.2,"I'm a common girl, just like others."
146,21/12/2017 10:11:14,1,天蠍座,Android,168,63,2,80,328,2,Fat man
147,21/12/2017 10:11:17,2,獅子座,Apple,168,49,1,87,2000,99999,Hi
148,21/12/2017 10:11:26,1,水瓶座,Android,167,53,4,80,300,5,humorous
149,21/12/2017 10:11:26,2,巨蟹座,Android,157,70,4,122,350,0.79,I don't want to be defined.
150,21/12/2017 10:11:29,2,獅子座,Apple,168,49,1,87,2000,99999,Hi
151,21/12/2017 10:11:45,1,摩羯座,Apple,172,71,3,100,80,3,Hello World
152,21/12/2017 10:11:56,1,雙魚座,Apple,179,73,4,101,400,15,Cool
153,21/12/2017 10:12:00,1,水瓶座,Android,173,68,5,200,256,8,QAQ
154,21/12/2017 10:12:06,1,雙魚座,Android,180,66,4,180,10,1,Smart
155,21/12/2017 10:12:07,2,獅子座,Apple,155,48,4,100,700,5,I am who I am
156,21/12/2017 10:12:19,1,巨蟹座,Android,179,86,4,135,351,0.00015,peace
157,21/12/2017 10:12:20,1,雙魚座,Android,185,85,4,90,100,10,Zzzz
158,21/12/2017 10:12:34,1,巨蟹座,Android,180,66,2,180,0,0,123
159,21/12/2017 10:12:39,1,摩羯座,Apple,178,63,4,130,200,4,Less is more
160,21/12/2017 10:12:48,1,雙魚座,Android,180,66,4,180,10,1,Smart
161,21/12/2017 10:12:52,2,摩羯座,Android,161,50,2,120,150,0.5,Beautiful
162,21/12/2017 10:13:02,1,金牛座,Android,164,66,2,115,623,1,Always smile
163,21/12/2017 10:13:05,1,巨蟹座,Apple,180,70,4,100,100,100,Hello
164,21/12/2017 10:13:11,1,天蠍座,Apple,200,100,1,200,10000,64,GOAT
165,21/12/2017 10:13:12,2,雙子座,Android,154,46,5,120,70,0.01,Optimistic
166,21/12/2017 10:13:24,1,天蠍座,Apple,175,66,3,110,560,1,Good
167,21/12/2017 10:13:26,1,巨蟹座,Android,172,70,3,150,1212,1,XD
168,21/12/2017 10:13:27,1,獅子座,Apple,170,63,2,144,629,1.4,a genius of computer science
169,21/12/2017 10:13:27,1,天秤座,Android,174,67,3,97,30,1,宅
170,21/12/2017 10:13:29,1,摩羯座,Android,167,47,2,87,87,0,Sleep
171,21/12/2017 10:13:36,1,雙子座,Android,165,57,5,180,599,0.3,OAO
172,21/12/2017 10:13:38,2,摩羯座,Apple,162,54,4,110,265,1,Nice
173,21/12/2017 10:13:40,1,巨蟹座,Android,170,55,3,51,0,6.77,hopeless
174,21/12/2017 10:15:19,1,天秤座,Android,173,58,5,130,200,38,Good Morning
175,21/12/2017 10:15:21,1,天秤座,Android,173,58,5,130,200,38,Good Morning
176,21/12/2017 10:15:29,1,天蠍座,Android,171,44,4,100,300,2.41,I'm nice
177,21/12/2017 10:15:31,1,雙魚座,Android,172,53,3,100,100,5,handsome
178,21/12/2017 10:15:46,2,水瓶座,Apple,163,55,3,110,300,0,misaka mikoto
179,21/12/2017 10:15:55,1,雙魚座,Apple,179,73,4,101,400,15,Cool
180,21/12/2017 10:16:06,1,雙魚座,Android,180,80,4,101,803,0,Lazy
181,21/12/2017 10:16:14,2,水瓶座,Android,156,58,3,180,834,0.003,I don't know.
182,21/12/2017 10:18:32,1,獅子座,Android,176,65,5,180,400,0.5,The color of Happy is orange
183,21/12/2017 10:18:40,2,水瓶座,Apple,151,53,5,100,200,1,I’m happy.
184,21/12/2017 10:20:27,1,天秤座,Android,170,80,2,120,413,19.59,Handsome
185,21/12/2017 10:21:03,2,獅子座,Android,158,49,5,130,403,0,introvert
186,21/12/2017 10:30:35,1,獅子座,Apple,173,55,5,199,500,1.1,Happy
187,21/12/2017 10:33:26,1,天秤座,Android,167,67,2,130,300,3,Awesome
188,21/12/2017 10:33:27,1,天秤座,Android,167,67,2,130,300,3,Awesome
189,21/12/2017 10:35:24,1,摩羯座,Android,180,76,5,132,250,5,I'm a positive person.
190,21/12/2017 10:38:21,1,摩羯座,Android,181,72,4,128,157,1.2,Takami Chika <3
191,21/12/2017 10:09:53,1,巨蟹座,Apple,190,99,1,50,2,5000,God Damon looser
192,21/12/2017 10:10:11,1,獅子座,Apple,165,80,2,130,400,0.5,123
193,21/12/2017 10:10:31,1,雙魚座,Android,172,66,5,180,100,5,smart
194,21/12/2017 10:10:39,1,摩羯座,Apple,172,71,3,100,80,3,Hello World
195,21/12/2017 10:10:48,1,雙魚座,Apple,181,70,5,200,100,50,I don’t know
196,21/12/2017 10:10:50,1,雙魚座,Android,173,60,5,130,300,1,Hungry
197,21/12/2017 10:10:54,1,天秤座,Apple,171,73,2,180,400,2,Handsome
198,21/12/2017 10:10:56,1,天蠍座,Android,167,63,5,145,1737,1,Excellent
199,21/12/2017 10:11:13,2,雙子座,Apple,155,48,3,133,1100,5,Hello world
200,21/12/2017 10:11:13,1,天秤座,Apple,173,73,3,50,5,0.5,Oh
201,21/12/2017 10:11:14,2,處女座,Apple,160,55,5,146,500,8.2,"I'm a common girl, just like others."
202,21/12/2017 10:11:14,1,天蠍座,Android,168,63,2,80,328,2,Fat man
203,21/12/2017 10:11:17,2,獅子座,Apple,168,49,1,87,2000,99999,Hi
204,21/12/2017 10:11:26,1,水瓶座,Android,167,53,4,80,300,5,humorous
205,21/12/2017 10:11:26,2,巨蟹座,Android,157,70,4,122,350,0.79,I don't want to be defined.
206,21/12/2017 10:11:29,2,獅子座,Apple,168,49,1,87,2000,99999,Hi
207,21/12/2017 10:11:45,1,摩羯座,Apple,172,71,3,100,80,3,Hello World
208,21/12/2017 10:11:56,1,雙魚座,Apple,179,73,4,101,400,15,Cool
209,21/12/2017 10:12:00,1,水瓶座,Android,173,68,5,200,256,8,QAQ
210,21/12/2017 10:12:06,1,雙魚座,Android,180,66,4,180,10,1,Smart
211,21/12/2017 10:12:07,2,獅子座,Apple,155,48,4,100,700,5,I am who I am
212,21/12/2017 10:12:19,1,巨蟹座,Android,179,86,4,135,351,0.00015,peace
213,21/12/2017 10:12:20,1,雙魚座,Android,185,85,4,90,100,10,Zzzz
214,21/12/2017 10:12:34,1,巨蟹座,Android,180,66,2,180,0,0,123
215,21/12/2017 10:12:39,1,摩羯座,Apple,178,63,4,130,200,4,Less is more
216,21/12/2017 10:12:48,1,雙魚座,Android,180,66,4,180,10,1,Smart
217,21/12/2017 10:12:52,2,摩羯座,Android,161,50,2,120,150,0.5,Beautiful
218,21/12/2017 10:13:02,1,金牛座,Android,164,66,2,115,623,1,Always smile
219,21/12/2017 10:13:05,1,巨蟹座,Apple,180,70,4,100,100,100,Hello
220,21/12/2017 10:13:11,1,天蠍座,Apple,200,100,1,200,10000,64,GOAT
221,21/12/2017 10:13:12,2,雙子座,Android,154,46,5,120,70,0.01,Optimistic
222,21/12/2017 10:13:24,1,天蠍座,Apple,175,66,3,110,560,1,Good
223,21/12/2017 10:13:26,1,巨蟹座,Android,172,70,3,150,1212,1,XD
224,21/12/2017 10:13:27,1,獅子座,Apple,170,63,2,144,629,1.4,a genius of computer science
225,21/12/2017 10:13:27,1,天秤座,Android,174,67,3,97,30,1,宅
226,21/12/2017 10:13:29,1,摩羯座,Android,167,47,2,87,87,0,Sleep
227,21/12/2017 10:13:36,1,雙子座,Android,165,57,5,180,599,0.3,OAO
228,21/12/2017 10:13:38,2,摩羯座,Apple,162,54,4,110,265,1,Nice
229,21/12/2017 10:13:40,1,巨蟹座,Android,170,55,3,51,0,6.77,hopeless
230,21/12/2017 10:15:19,1,天秤座,Android,173,58,5,130,200,38,Good Morning
231,21/12/2017 10:15:21,1,天秤座,Android,173,58,5,130,200,38,Good Morning
232,21/12/2017 10:15:29,1,天蠍座,Android,171,44,4,100,300,2.41,I'm nice
233,21/12/2017 10:15:31,1,雙魚座,Android,172,53,3,100,100,5,handsome
234,21/12/2017 10:15:46,2,水瓶座,Apple,163,55,3,110,300,0,misaka mikoto
235,21/12/2017 10:15:55,1,雙魚座,Apple,179,73,4,101,400,15,Cool
236,21/12/2017 10:16:06,1,雙魚座,Android,180,80,4,101,803,0,Lazy
237,21/12/2017 10:16:14,2,水瓶座,Android,156,58,3,180,834,0.003,I don't know.
238,21/12/2017 10:18:32,1,獅子座,Android,176,65,5,180,400,0.5,The color of Happy is orange
239,21/12/2017 10:18:40,2,水瓶座,Apple,151,53,5,100,200,1,I’m happy.
240,21/12/2017 10:20:27,1,天秤座,Android,170,80,2,120,413,19.59,Handsome
241,21/12/2017 10:21:03,2,獅子座,Android,158,49,5,130,403,0,introvert
242,21/12/2017 10:30:35,1,獅子座,Apple,173,55,5,199,500,1.1,Happy
243,21/12/2017 10:33:26,1,天秤座,Android,167,67,2,130,300,3,Awesome
244,21/12/2017 10:33:27,1,天秤座,Android,167,67,2,130,300,3,Awesome
245,21/12/2017 10:35:24,1,摩羯座,Android,180,76,5,132,250,5,I'm a positive person.
246,21/12/2017 10:38:21,1,摩羯座,Android,181,72,4,128,157,1.2,Takami Chika <3
247,21/12/2017 19:11:16,1,水瓶座,Android,170,63,5,140,312,3,Cooool
248,21/12/2017 19:11:50,1,雙魚座,Android,176,82,1,180,1,100,Nerd
249,21/12/2017 19:11:54,1,雙子座,Android,178,90,5,100,666,0.1,happy gay
250,21/12/2017 19:11:56,1,巨蟹座,Android,175,75,1,130,495,0.8,fuck
251,21/12/2017 19:11:59,1,雙魚座,Android,171,59,3,131,1234,1,amazing
252,21/12/2017 19:12:01,1,金牛座,Android,165,56,5,143,300,0.2,who am i
253,21/12/2017 19:12:04,1,巨蟹座,Apple,30,87,5,200,1,0,Shit
254,21/12/2017 19:12:10,2,天秤座,Android,15,500,1,50,999999,0.001,unique and fat
255,21/12/2017 19:12:11,1,天蠍座,Android,168,100,3,87,300,1,Stupid
256,21/12/2017 19:12:15,1,天蠍座,Android,171,73,2,87,200,500,Amazing
257,21/12/2017 19:12:17,1,水瓶座,Android,666,66,3,94.87,689,15.6,I am so beautiful
258,21/12/2017 19:12:17,1,獅子座,Android,166,67,2,87,200,0.5,Hi
259,21/12/2017 19:12:18,1,牡羊座,Apple,171,70,4,180,480,0.87,I am a student.
260,21/12/2017 19:12:19,1,處女座,Android,210,78,2,100,3,60,Dope
261,21/12/2017 19:12:21,1,射手座,Android,180,80,4,100,150,20,Good
262,21/12/2017 19:12:22,1,獅子座,Android,171,56,3,100,200,2,Tired.
263,21/12/2017 19:12:23,2,天蠍座,Apple,147,40,1,168,1033,520,nice peng peng
264,21/12/2017 19:12:24,1,牡羊座,Android,87,87,3,87,9487,9487,nine four eight seven
265,21/12/2017 19:12:24,1,水瓶座,Apple,180,180,2,173,10000,88,Wise
266,21/12/2017 19:12:27,1,金牛座,Android,12,12,2,87,12,12,Re
267,21/12/2017 19:12:33,2,獅子座,Apple,165,165,5,155,165,165,May God blessing you
268,21/12/2017 19:12:33,2,雙子座,Android,167,52,3,120,1024,1.4,Lazy
269,21/12/2017 19:12:33,1,金牛座,Apple,176,76,4,100,10,10,Nice!
270,21/12/2017 19:12:38,1,摩羯座,Android,180,100,5,120,600,0,A man with wisdom.
271,21/12/2017 19:12:38,1,射手座,Windows Phone,-187,100,1,87,8787,0,Useless
272,21/12/2017 19:12:41,1,雙子座,Apple,168,62,2,120,900,0.3,Superior
273,21/12/2017 19:12:50,1,巨蟹座,Apple,163,51,2,126,1200,3,I am a nerd
274,21/12/2017 19:12:50,1,雙子座,Android,180,68,4,180,250,1,I love Metallica!
275,21/12/2017 19:12:51,1,巨蟹座,Apple,163,51,2,126,1200,3,I am a nerd
276,21/12/2017 19:12:55,1,水瓶座,Android,160,48,2,87,500,0.5,Quite
277,21/12/2017 19:13:10,1,獅子座,Android,188,76,1,185,400,1,I have to leave on 7:40
278,21/12/2017 19:13:14,2,金牛座,Apple,180,100,3,180,0,10,I am a fat guy
279,21/12/2017 19:13:16,2,天蠍座,Apple,170,60,4,87,87,87,Normal
280,21/12/2017 19:13:16,1,水瓶座,Apple,177,60,1,131,600,20,I’m handsome
281,21/12/2017 19:13:17,1,水瓶座,Apple,174,80,4,130,255,0.3,Creative
282,21/12/2017 19:13:18,1,水瓶座,Apple,174,80,4,130,255,0.3,Creative
283,21/12/2017 19:13:21,1,雙子座,Android,176,65,5,180,500,1,Specialist
284,21/12/2017 19:13:30,1,摩羯座,Android,173,72,5,140,1300,5,Jesus
285,21/12/2017 19:13:33,2,獅子座,Android,155,46,2,87,1250,8,Brilliant
286,21/12/2017 19:13:36,1,天蠍座,Apple,170,63,2,130,500,6,QQ
287,21/12/2017 19:13:42,2,巨蟹座,Android,159,45,4,147,398,3,Red
288,21/12/2017 19:13:48,1,射手座,Apple,180,60,5,199,999,999,Handsome
289,21/12/2017 19:13:50,1,天蠍座,Android,184,71,5,183,700,1,Googler
290,21/12/2017 19:13:53,1,水瓶座,Apple,175,70,4,50,5000,666,I’m sorry
291,21/12/2017 19:13:55,1,雙魚座,Android,170,61,3,88,500,2,Shiny guy
292,21/12/2017 19:13:56,1,牡羊座,Android,-1000,-1000,1,200,-1000,-1000,哈哈哈笑你～～～
293,21/12/2017 19:14:05,1,水瓶座,Apple,180,62,2,100,600,0,I’m a smart person.
294,21/12/2017 19:14:12,1,射手座,Apple,182,76,4,199,1287,999,I’m an honest man
295,21/12/2017 19:14:19,1,獅子座,Apple,165,74,2,140,350,4,Hello world
296,21/12/2017 19:14:40,1,牡羊座,Apple,150,40,3,100,1500,10,Sexy AF
297,21/12/2017 19:14:47,1,巨蟹座,Apple,172,72,3,100,122,1,Not smart
298,21/12/2017 19:14:51,2,獅子座,Android,213,79,1,50,1111,999,I'm outlier
299,21/12/2017 19:14:53,2,巨蟹座,Android,168,58,3,87,255,1,I'm not sleepy.
300,21/12/2017 19:14:55,1,金牛座,Apple,177,58,2,150,2355,100,gorgeous
301,21/12/2017 19:15:11,1,天蠍座,Android,170,68,5,161,1300,5,Supercold
302,21/12/2017 19:15:28,2,獅子座,Apple,150,44,5,160,700,125,Cool
303,21/12/2017 19:15:51,2,雙子座,Android,180,78,1,200,9999999,999,Haha
304,21/12/2017 19:15:52,2,雙子座,Android,180,78,1,200,9999999,999,Haha
305,21/12/2017 19:15:54,2,牡羊座,Android,161,53,4,200,200,1,I'm not eighty seven.
306,21/12/2017 19:16:01,1,天秤座,Android,176,58,4,50,666,0,Handsome
307,21/12/2017 19:16:26,1,水瓶座,Android,187,187,3,187,870,8.7,878787
308,21/12/2017 19:17:07,2,雙魚座,JohnCena,900,10,5,199,10,1,good
309,21/12/2017 19:18:12,1,巨蟹座,Apple,177,68,5,100,355,8,Handsome
310,08/03/2018 14:20:16,1,處女座,Android,170,60,1,187,0,7,I don't know and I don't care.
311,08/03/2018 14:20:21,1,雙子座,Apple,180,110,3,140,250,0.5,Stay hungry stay foolish
312,08/03/2018 14:20:31,1,雙魚座,Android,175,80,5,151,1234,5.87,I have superpower!
313,08/03/2018 14:20:33,1,雙子座,Apple,178,82,5,123,513,0.5,Cool
314,08/03/2018 14:20:34,1,獅子座,Apple,177,72,3,110,1459,3,I’m a good man
315,08/03/2018 14:20:35,1,雙子座,Android,180,68,4,125,400,3,Often enjoy daily life.
316,08/03/2018 14:20:36,1,天秤座,Android,180,80,3,184,700,10,Good
317,08/03/2018 14:20:40,1,雙子座,Android,178,83,4,50,0,9999,GGGGGGG
318,08/03/2018 14:20:43,1,獅子座,Android,183,82,4,140,1527,12.49,I'm a Jedi
319,08/03/2018 14:20:54,1,水瓶座,Apple,181,65,4,120,800,2,I am handsome
320,08/03/2018 14:20:56,1,水瓶座,Apple,175,70,4,200,400,4,I’m a sexy guy.
321,08/03/2018 14:21:00,1,雙子座,Apple,172,85,5,120,800,100,a normal man
322,08/03/2018 14:21:01,2,處女座,Apple,165,55,3,80,500,0.5,YOLO
323,08/03/2018 14:21:03,1,水瓶座,Apple,176,90,4,120,30,2,Good
324,08/03/2018 14:21:04,1,金牛座,Apple,176,63,5,180,123,2.4,I am who am I
325,08/03/2018 14:21:10,1,處女座,Apple,174,70,4,120,0,1,Nice person
326,08/03/2018 14:21:19,2,水瓶座,Apple,155,50,4,180,800,2,Intelligence
327,08/03/2018 14:21:26,1,雙子座,Apple,177,55,5,120,300,3,I am fine
328,08/03/2018 14:21:27,1,金牛座,Apple,173,62,2,100,464,16.2,Handsome
329,08/03/2018 14:21:32,1,射手座,Android,174,61,2,87,603,87,A handsome boy
330,08/03/2018 14:21:32,1,摩羯座,Android,172,56,2,188,8888888,88888,handsome
331,08/03/2018 14:21:38,2,天秤座,Apple,166,59,3,168,1000,2,Excellent 
332,08/03/2018 14:21:44,1,射手座,Apple,173,71,2,135,10000,16,Good
333,08/03/2018 14:21:45,1,水瓶座,Android,183,79,5,140,237,19,I'm a foolish.
334,08/03/2018 14:21:45,1,天蠍座,Apple,178,63,3,141,1000,4,Cool
335,08/03/2018 14:21:46,1,牡羊座,Android,170,67,2,120,300,0.2,handsome zhou
336,08/03/2018 14:21:48,1,水瓶座,Android,163,78,2,125,89,1,Samrt
337,08/03/2018 14:21:49,1,金牛座,Android,178,85,5,87,700,0.5,I'm handsome 
338,08/03/2018 14:21:50,1,天蠍座,Apple,177,58,3,130,600,15,Handsome
339,08/03/2018 14:21:51,1,獅子座,Android,179,80,3,105,200,100,humble
340,08/03/2018 14:21:52,1,水瓶座,Apple,185,70,3,88,100,1,A student 
341,08/03/2018 14:21:54,1,金牛座,Apple,175,80,3,175,500,3,I am good boy
342,08/03/2018 14:22:00,1,水瓶座,Android,170,55,4,180,0,100,smart and weird
343,08/03/2018 14:22:02,1,天蠍座,Apple,170,75,4,100,700,1,Genius 
344,08/03/2018 14:22:05,1,雙子座,Apple,170,62,5,120,1300,500,Quietly brilliant 
345,08/03/2018 14:22:06,1,獅子座,Android,172,72,3,120,120,10,Good
346,08/03/2018 14:22:10,1,天蠍座,Android,175,90,4,140,1060,1000,Ordinary human.
347,08/03/2018 14:22:13,1,雙魚座,Android,179,79,5,100,700,1,Intelligent
348,08/03/2018 14:22:14,1,處女座,Android,178,67,4,90,700,15,Happy
349,08/03/2018 14:22:27,1,天蠍座,Apple,179,63,4,100,150,3,I’m happy.
350,08/03/2018 14:22:28,1,牡羊座,Android,171,60,2,56,574,1.5,好
351,08/03/2018 14:22:28,2,雙子座,Apple,155,53,2,100,150,2,I'm a nice person.
352,08/03/2018 14:22:31,1,巨蟹座,Apple,178,65,5,103,250,30,One is never too old to learn
353,08/03/2018 14:22:32,1,巨蟹座,Android,176,57,5,80,329,6,good
354,08/03/2018 14:22:34,1,天秤座,Android,182,70,5,100,1362,10,Tall
355,08/03/2018 14:22:37,2,處女座,Apple,177,54,5,183,900,0.000214,I am happy and pretty girl.
356,08/03/2018 14:22:41,1,巨蟹座,Android,173.6,57,5,180,914,0.3,Intelligent!
357,08/03/2018 14:22:42,1,天蠍座,Android,175,74,3,199,0,2048,BigHotGG
358,08/03/2018 14:22:50,2,天秤座,Apple,157,55,3,120,600,1,A commen person.
359,08/03/2018 14:22:52,1,天秤座,Apple,168,85,5,150,350,5,I'm a nice people.
360,08/03/2018 14:22:53,1,巨蟹座,Android,177,68,3,111,100,1,Deep
361,08/03/2018 14:22:53,1,射手座,Android,176,80,5,120,500,2,Tired
362,08/03/2018 14:22:55,1,獅子座,Apple,177,72,4,100,527,1,nice
363,08/03/2018 14:22:57,2,獅子座,Apple,156,56,2,156,800,0,my name is Ellen.
364,08/03/2018 14:23:00,2,射手座,Android,162,50,4,120,800,5,I wish I could be smarter. 
365,08/03/2018 14:23:07,1,處女座,Android,167,57,3,105,250,1.5,I'm adaptive and hardworking.
366,08/03/2018 14:23:09,2,射手座,Android,161,51,4,110,600,0,Finding myself.
367,08/03/2018 14:23:11,1,牡羊座,Apple,165,65,5,100,1000,3,cute
368,08/03/2018 14:23:11,1,處女座,Apple,160,63,3,98,258,203,A little sleepy.
369,08/03/2018 14:23:11,2,摩羯座,Android,154,56,4,150,1061,0.48,nice to meet you
370,08/03/2018 14:23:15,1,雙魚座,Android,173,70,1,92,100,1,Nice
371,08/03/2018 14:23:16,1,天蠍座,Apple,182,60,4,180,600,2,Industrious
372,08/03/2018 14:23:16,2,巨蟹座,Android,168,60,3,132,300,0.01,I am a little fat
373,08/03/2018 14:23:19,2,摩羯座,Apple,160,45,3,150,500,2,Happy girl
374,08/03/2018 14:23:19,2,金牛座,Android,166,55,3,120,555,6,Liberator
375,08/03/2018 14:23:20,1,金牛座,Apple,174,70,2,199,0,9999,Q^Q
376,08/03/2018 14:23:20,1,水瓶座,Android,169,60,3,120,233,3,I'm friendly
377,08/03/2018 14:23:27,1,牡羊座,Android,171,63,5,131,200,0.000565,no girlfriend since 1993
378,08/03/2018 14:23:27,1,摩羯座,Apple,179,78,4,136,2000,12,Programmer with coffee
379,08/03/2018 14:23:32,1,射手座,Apple,171,49,2,100,675,99.4,Just wake up
380,08/03/2018 14:23:34,1,水瓶座,Android,166,70,3,110,400,14.32,I am a man with power to breath!
381,08/03/2018 14:23:34,1,天秤座,Android,200,10,1,50,0,1000,Free
382,08/03/2018 14:23:48,1,雙魚座,Apple,169,70,4,126,482,0.000351,Alive
383,08/03/2018 14:23:50,1,雙子座,Android,165,70,5,200,100000,0.5,test
384,08/03/2018 14:23:52,1,射手座,Android,182,75,5,87,253,1,Live or die is a big question
385,08/03/2018 14:23:59,1,天秤座,Android,171,60,4,123,250,0,Hi I am AI
386,08/03/2018 14:24:06,1,巨蟹座,Apple,170,76,5,120,200,5.4,Human being 
387,08/03/2018 14:24:23,1,天蠍座,Apple,169.9,55,4,120,711,0.56,I am a sunshine boy.
388,08/03/2018 14:24:38,1,天蠍座,Android,163,52,4,120,800,5,God Hand
389,08/03/2018 14:24:40,1,摩羯座,Android,173,67,5,100,623,100,I'm the boss.
390,08/03/2018 14:24:41,2,處女座,Apple,168,54,4,180,600,4,"Be sponge, be brave."
391,08/03/2018 14:24:44,1,射手座,Android,175,68,5,123,500,1.7,I am a wise man
392,08/03/2018 14:24:47,1,天蠍座,Apple,168,58,4,126,381,22.5,simple
393,08/03/2018 14:24:49,1,水瓶座,Android,176,78,3,100,251,1.5, a man
394,08/03/2018 14:24:55,1,處女座,Android,172,60,3,130,722,1,Do everything hard.
395,08/03/2018 14:24:59,2,雙魚座,Apple,162,59,5,180,1780,0.136,All is well!
396,08/03/2018 14:25:01,2,天秤座,Android,157,48,3,130,450,2,I am honest to my friends.
397,08/03/2018 14:25:15,2,天秤座,Android,150,80,3,85,2,1,Kindness
398,08/03/2018 14:25:16,2,天秤座,Android,150,80,3,85,2,1,Kindness
399,08/03/2018 14:25:19,1,獅子座,Android,170,80,5,129,471,0.03,handsome boy
400,08/03/2018 14:25:20,2,牡羊座,Android,155,50,5,101,456,7.06,I don't know.
401,08/03/2018 14:25:27,2,金牛座,Apple,169,53,4,87,324,0.1,Free
402,08/03/2018 14:25:44,1,天蠍座,Android,169,72,3,87,550,0.1,I'm a nerd.
403,08/03/2018 14:25:51,1,射手座,Android,176,70,4,100,330,3,Hmm
404,08/03/2018 14:25:51,1,水瓶座,Apple,173,80,3,180,300,5,Cute guy with handsome face.
405,08/03/2018 14:25:58,1,雙子座,Android,170,60,4,120,500,5,Positive
406,08/03/2018 14:26:46,1,金牛座,Android,170,68,3,100,400,0.087,Ggggggggg
407,08/03/2018 14:26:48,1,巨蟹座,Apple,173,74,3,120,700,0,Hot and attractive
408,08/03/2018 14:26:52,1,射手座,Android,175,78,5,50,0,1,I am a boy
409,08/03/2018 14:27:01,1,牡羊座,Apple,182,70,3,120,828,0.9,gorgeous 
410,08/03/2018 14:27:02,2,射手座,Android,162,55,3,110,500,2,Born with an adventurous spirit
411,08/03/2018 14:27:23,1,雙魚座,Android,186,67,2,110,400,0.1,Incredible
412,08/03/2018 14:27:47,1,摩羯座,Apple,185,75,3,138,365,12,Eternal return
413,08/03/2018 14:27:52,2,處女座,Android,154,51,3,100,347,0,foodie
414,08/03/2018 14:28:09,1,摩羯座,Android,174.5,67,3,110,488,4,I am Mike
415,08/03/2018 14:28:39,2,牡羊座,Apple,155,63,5,200,1681,2,Happy
416,08/03/2018 14:29:00,2,巨蟹座,Android,170,53,5,87,1183,0.0000299,Good
417,08/03/2018 14:31:48,1,獅子座,Android,170,65,4,120,594,1,I am a infinity man
418,08/03/2018 14:32:29,2,雙魚座,Android,158,47,3,115,1330,5.8,Awesome
419,08/03/2018 14:32:47,1,處女座,Android,166,66,4,90,1000,1,I hope i  am a super hero.
420,08/03/2018 14:38:00,1,牡羊座,Android,176,65,4,87,1300,2,God damn dope
421,08/03/2018 15:19:37,1,天秤座,Apple,174,72,2,180,2000,9, Sunny
422,08/03/2018 15:21:06,2,天蠍座,Apple,167,50,3,180,483,10,Light
423,08/03/2018 15:21:08,1,雙魚座,Android,173,68,3,66,300,10,super 666666
424,13/03/2018 09:59:41,1,天蠍座,Apple,200,100,1,87,87,87,GOod
425,13/03/2018 09:59:49,1,金牛座,Apple,175,80,3,130,2000,30,Easygoing
426,13/03/2018 09:59:50,2,雙子座,Apple,155,45,3,150,400,9,I LOVE INTEL
427,13/03/2018 10:00:09,1,處女座,Apple,173,85,4,100,2000,15,"I'm a hard-work man, just do my best to finish anything."
428,13/03/2018 10:00:11,1,射手座,Android,164,57,4,130,505,2,I'm smart
429,13/03/2018 10:00:14,1,牡羊座,Apple,178,88,4,80,700,2.87,A 20 years old Electrical Engineering student.
430,13/03/2018 10:00:14,1,金牛座,Android,174,55,2,120,150,0,I am hungry.
431,13/03/2018 10:00:18,1,牡羊座,Android,170,82,2,87,300,2,Friendly
432,13/03/2018 10:00:20,2,天蠍座,Apple,165,46,4,111,200,5,I am a student.
433,13/03/2018 10:00:31,1,獅子座,Apple,178,80,4,187,287,20,nice
434,13/03/2018 10:00:46,1,天秤座,Android,190,89,2,120,185,0,A man with arrogance.
435,13/03/2018 10:00:47,1,巨蟹座,Android,175,66,3,130,600,50,Handsome
436,13/03/2018 10:00:53,1,牡羊座,Apple,185,60,5,180,0,60,Adorable 
437,13/03/2018 10:00:54,1,摩羯座,Apple,173.5,71,2,130,1296,181,"I am sporty, who loves to play basketball"
438,13/03/2018 10:00:59,1,處女座,Android,166,70,1,100,0,1.5,I'm in a group of idiots.
439,13/03/2018 10:01:04,2,巨蟹座,Android,188,20,5,88,88,1.88,A young girl
440,13/03/2018 10:01:05,1,牡羊座,Apple,180,60,2,200,461,14.2,Handsome
441,13/03/2018 10:01:10,2,摩羯座,Android,159,46,2,87,823,0.02,Versatile
442,13/03/2018 10:01:14,1,牡羊座,Apple,174,62,4,128,626,7.1,Enterprising 
443,13/03/2018 10:01:19,1,天蠍座,Android,171,64,4,130,360,5,Excellent
444,13/03/2018 10:01:21,1,金牛座,Apple,175,80,3,140,300,1,handsome boy
445,13/03/2018 10:01:33,2,雙魚座,Android,165,60,2,120,849,1,Love to eat
446,13/03/2018 10:01:38,1,巨蟹座,Apple,173,70,4,120,200,2,not bad
447,13/03/2018 10:01:42,1,牡羊座,Android,171,55,3,125,555,3,real
448,13/03/2018 10:01:44,1,巨蟹座,Apple,173,70,4,120,200,2,not bad
449,13/03/2018 10:01:44,1,天蠍座,Android,181,65,3,87,400,1,Hahahahaha
450,13/03/2018 10:01:49,1,獅子座,Apple,173,70,5,126,250,0.1,I am a good man.
451,13/03/2018 10:02:04,1,摩羯座,Apple,178,67,5,200,491,0.088,YOU ARE (NOT) ALONE.
452,13/03/2018 10:02:04,1,雙魚座,Apple,172,69,4,128,1000,13.6667,Excellent
453,13/03/2018 10:02:09,1,天蠍座,Android,165,60,5,120,462,2.36,I'm decent and sincere.
454,13/03/2018 10:02:15,1,巨蟹座,Android,170,57,4,167,437,0.008,Versatile guy
455,13/03/2018 10:02:14,2,雙魚座,Apple,153,52,4,180,465,7.6,Aggressive
456,13/03/2018 10:02:20,1,巨蟹座,Apple,180,70,5,180,600,10,I’m handsome
457,13/03/2018 10:02:30,1,巨蟹座,Android,170,59,4,180,150,0,I'm boring
458,13/03/2018 10:02:34,1,雙魚座,Android,187,66,4,150,150,0.1,Tall
459,13/03/2018 10:02:49,2,牡羊座,Android,150,45,4,80,200,0.5,fabulous
460,13/03/2018 10:03:09,1,射手座,Apple,176,90,3,120,705,11,Eating is my life for good.
461,13/03/2018 10:03:28,1,射手座,Android,177,64,3,125,30,10,I can not speak English
462,13/03/2018 10:03:36,1,射手座,Apple,171,72,5,100,80,1,Work hard
463,13/03/2018 10:03:38,1,獅子座,Android,165,65,3,130,649,0.8,I have perseverance!
464,13/03/2018 10:04:02,1,獅子座,Android,178,71,3,87,400,18,A shy boy.
465,13/03/2018 10:04:24,1,獅子座,Android,172,59,1,180,600,3,Very Handsome.
466,13/03/2018 10:04:31,2,獅子座,Apple,172,50,3,199,200,0.05,I don’t know
467,13/03/2018 10:05:23,1,摩羯座,Apple,171,60,2,125,749,2.6,good man
468,13/03/2018 10:05:49,2,雙魚座,Apple,165,45,5,80,869,5,Introvert 
469,13/03/2018 10:07:10,1,摩羯座,Apple,174,62,3,110,487,15,You can do it
470,13/03/2018 10:08:19,1,天秤座,Android,172,52,2,200,488,1.6,For honor
471,13/03/2018 10:08:51,2,摩羯座,Android,163,54,3,107,393,0,Love what I choose.
472,13/03/2018 10:09:07,2,天蠍座,Android,156,50,2,110,873,1,Hi
473,13/03/2018 10:16:42,2,雙子座,Apple,165,50,1,100,1859,10,Hello.
474,13/03/2018 10:17:06,1,雙子座,Apple,166,65,1,188,1022,5,Dog
475,13/03/2018 10:17:30,1,雙子座,Windows phone ,87.87,87.87,1,87,87,87,Nothing
476,13/03/2018 10:17:40,1,天蠍座,Apple,169,60,4,100,300,5,student in nthu
477,13/03/2018 10:18:20,1,雙魚座,Android,187,87,4,87,9487,5.9487,I'm a 87.
478,13/03/2018 10:18:29,2,雙子座,Android,180,88,5,200,888,1,"I'm a ""Typical Lady""."
479,13/03/2018 10:19:40,2,雙魚座,Android,158,56,3,110,589,0,I am so cuuuuuuute!
480,13/03/2018 10:20:20,1,處女座,Android,188.77,87.59487,5,50.87,9487,8.74,Let's party!
481,13/03/2018 12:03:21,1,天秤座,Android,176,60,3,87,300,1,Desperate